Threshold,Macro F1,Balanced Accuracy,Fatal Precision,Fatal Recall,Fatal F1
0.1,0.35948793982637317,0.5080762894240884,0.043727423833354956,0.6215384615384616,0.08167908060015658
0.15,0.41083952986312455,0.49674143297647755,0.08504347193422823,0.4483076923076923,0.14261860031871243
0.2,0.4473065747307216,0.4813080149599882,0.16465363607727712,0.35415384615384615,0.2234489581257501
0.25,0.4780950904170682,0.4667416456737781,0.33278549874622804,0.2913846153846154,0.30495129090095363
0.3,0.4656985516764422,0.4346036689079492,0.48138528138528136,0.18861538461538466,0.2646982015274698
0.35,0.4377601297412982,0.40905001484053577,0.6193939393939394,0.11015384615384616,0.18072708653353814
0.4,0.43526348432872786,0.40680489291528377,0.6555555555555556,0.10246153846153845,0.17224765768376313
0.45,0.43546092781533663,0.40684490892168623,0.6888888888888889,0.10246153846153845,0.1727767582128637
0.5,0.43546092781533663,0.40684490892168623,0.6888888888888889,0.10246153846153845,0.1727767582128637
